name,code,semester,department,division,credit,time,capacity,grade
공학수학2,BSM095,2학기,교양학부,4,3,"월01A~02B,수01A~02B",50,2
공학수학2,BSM095,2학기,교양학부,8,3,"화01A~02B,목01A~02B",50,2
직업능력개발훈련평가,HRD011,2학기,HRD학과,1,2,월06A~07B,50,3
직업능력개발훈련평가,HRD011,2학기,HRD학과,2,2,수01A~02B,50,3
직업능력개발훈련평가,HRD011,2학기,HRD학과,3,2,수03A~04B,50,3
직업능력개발훈련평가,HRD011,2학기,HRD학과,4,2,월01A~02B,50,3
직업능력개발훈련평가,HRD011,2학기,HRD학과,5,2,월03A~04B,50,3
직업능력개발훈련평가,HRD011,2학기,HRD학과,6,2,월03A~04B,50,3
직업능력개발훈련평가,HRD011,2학기,HRD학과,7,2,금06A~07B,50,3
직업능력개발훈련평가,HRD011,2학기,HRD학과,8,2,목01A~02B,50,3
직업능력개발훈련평가,HRD011,2학기,HRD학과,9,2,목03A~04B,50,3
직업능력개발훈련평가,HRD011,2학기,HRD학과,10,2,금03A~04B,50,3
NCS기반프로그램개발,HRD020,2학기,HRD학과,1,2,화01A~02B,50,2
NCS기반프로그램개발,HRD020,2학기,HRD학과,2,2,화03A~04B,50,2
NCS기반프로그램개발,HRD020,2학기,HRD학과,3,2,화06A~07B,50,2
NCS기반프로그램개발,HRD020,2학기,HRD학과,4,2,화06A~07B,50,2
NCS기반프로그램개발,HRD020,2학기,HRD학과,5,2,화01A~02B,50,2
NCS기반프로그램개발,HRD020,2학기,HRD학과,6,2,월01A~02B,50,2
NCS기반프로그램개발,HRD020,2학기,HRD학과,7,2,월06A~07B,50,2
NCS기반프로그램개발,HRD020,2학기,HRD학과,8,2,목01A~02B,50,2
NCS기반프로그램개발,HRD020,2학기,HRD학과,9,2,월03A~04B,50,2
경력개발이해와상담,HRD030,2학기,HRD학과,1,2,화03A~04B,50,1
경력개발이해와상담,HRD030,2학기,HRD학과,2,2,화03A~04B,50,1
경력개발이해와상담,HRD030,2학기,HRD학과,3,2,화03A~04B,50,2
경력개발이해와상담,HRD030,2학기,HRD학과,4,2,화06A~07B,50,2
경력개발이해와상담,HRD030,2학기,HRD학과,5,2,화03A~04B,50,2
경력개발이해와상담,HRD030,2학기,HRD학과,6,2,화01A~02B,50,2
경력개발이해와상담,HRD030,2학기,HRD학과,7,2,화03A~04B,50,2
경력개발이해와상담,HRD030,2학기,HRD학과,8,2,화03A~04B,50,2
경력개발이해와상담,HRD030,2학기,HRD학과,9,2,화06A~07B,50,2
경력개발이해와상담,HRD030,2학기,HRD학과,10,2,화01A~02B,50,2
HRD개론,HRD140,2학기,HRD학과,1,2,화08A~09B,50,1
HRD개론,HRD140,2학기,HRD학과,2,2,화08A~09B,50,1
HRD개론,HRD140,2학기,HRD학과,3,2,화06A~07B,50,1
HRD개론,HRD140,2학기,HRD학과,4,2,화06A~07B,50,1
HRD개론,HRD140,2학기,HRD학과,5,2,월01A~02B,50,1
HRD개론,HRD140,2학기,HRD학과,6,2,월01A~02B,50,1
HRD개론,HRD140,2학기,HRD학과,7,2,월03A~04B,50,1
HRD개론,HRD140,2학기,HRD학과,8,2,월03A~04B,50,1
HRD개론,HRD140,2학기,HRD학과,9,2,화03A~04B,50,1
HRD개론,HRD140,2학기,HRD학과,10,2,화03A~04B,50,1
HRD개론,HRD140,2학기,HRD학과,11,2,화03A~04B,50,1
교육학개론,EDU111,2학기,HRD학과,1,2,화01A~02B,50,0
공업교과교재연구및지도방법,EDU131,2학기,HRD학과,1,2,목03A~04B,50,0
교육과정,EDU141,2학기,HRD학과,1,2,화08A~09B,50,0
교육평가,EDU142,2학기,HRD학과,1,2,화03A~04B,50,0
교육방법및교육공학,EDU151,2학기,HRD학과,1,2,월08A~09B,50,0
교육사회,EDU160,2학기,HRD학과,1,2,화06A~07B,50,0
교육심리,EDU210,2학기,HRD학과,1,2,금06A~07B,50,0
공업교과교육론,EDU221,2학기,HRD학과,1,2,수01A~02B,50,0
학교폭력예방및학생의이해,EDU236,2학기,HRD학과,1,2,금08A~09B,50,0
특수교육학개론,EDU771,2학기,HRD학과,1,2,금03A~04B,50,0
교직실무,EDU780,2학기,HRD학과,1,2,목01A~02B,50,0
교육봉사활동,EDU790,2학기,HRD학과,1,2,0,50,0
공업교과평가방법,EDU801,2학기,HRD학과,1,2,수03A~04B,50,0
공업논리및논술에관한교육,EDU881,2학기,HRD학과,1,2,수06A~07B,50,0
성인학습론,HRD100,2학기,HRD학과,1,2,월03A~04B,50,0
장애인직업재활론,HRD110,2학기,HRD학과,1,2,화06A~07B,50,0
장애인직업재활론,HRD110,2학기,HRD학과,2,2,화08A~09B,50,0
직업능력개발정책의이해,HRD130,2학기,HRD학과,1,2,수02A~03B,50,0
직업능력개발정책의이해,HRD130,2학기,HRD학과,2,2,화02A~03B,50,0
직업능력개발정책의이해,HRD130,2학기,HRD학과,3,2,화06A~07B,50,0
직업능력개발정책의이해,HRD130,2학기,HRD학과,4,2,화08A~09B,50,0
교수설계및교육방법,HRD150,2학기,HRD학과,1,2,목03A~04B,50,2
교수설계및교육방법,HRD150,2학기,HRD학과,2,2,목06A~07B,50,2
교수설계및교육방법,HRD150,2학기,HRD학과,3,2,목08A~09B,50,2
교수설계및교육방법,HRD150,2학기,HRD학과,4,2,월03A~04B,50,3
교수설계및교육방법,HRD150,2학기,HRD학과,5,2,월06A~07B,50,3
교수설계및교육방법,HRD150,2학기,HRD학과,6,2,월08A~09B,50,3
교수설계및교육방법,HRD150,2학기,HRD학과,7,2,화03A~04B,50,3
교수설계및교육방법,HRD150,2학기,HRD학과,8,2,화06A~07B,50,3
교수설계및교육방법,HRD150,2학기,HRD학과,9,2,화08A~09B,50,3
교수설계및교육방법,HRD150,2학기,HRD학과,10,2,목03A~04B,50,3
교수설계및교육방법,HRD150,2학기,HRD학과,11,2,목06A~07B,50,3
교수설계및교육방법,HRD150,2학기,HRD학과,12,2,목08A~09B,50,3
교수설계및교육방법,HRD150,2학기,HRD학과,13,2,금07A~08B,50,3
e-learning개론,HRD160,2학기,HRD학과,1,2,월01A~02B,50,0
e-learning개론,HRD160,2학기,HRD학과,2,2,월03A~04B,50,0
e-learning개론,HRD160,2학기,HRD학과,3,2,월06A~07B,50,0
창의력개발실습,HRD170,2학기,HRD학과,1,2,월08A~09B,50,0
창의력개발실습,HRD170,2학기,HRD학과,2,2,화03A~04B,50,0
기업내교육론,HRD230,2학기,HRD학과,1,2,월01A~02B,50,0
기업내교육론,HRD230,2학기,HRD학과,2,2,월06A~07B,50,0
기업내교육론,HRD230,2학기,HRD학과,3,2,월06A~07B,50,0
기업내교육론,HRD230,2학기,HRD학과,4,2,월08A~09B,50,0
일터학습개론,HRD250,2학기,HRD학과,1,2,화01A~02B,50,0
일터학습개론,HRD250,2학기,HRD학과,2,2,화03A~04B,50,0
일터학습개론,HRD250,2학기,HRD학과,3,2,화06A~07B,50,0
기업가정신과리더쉽커뮤니케이션,HRD260,2학기,HRD학과,1,2,금01A~02B,50,0
기업가정신과리더쉽커뮤니케이션,HRD260,2학기,HRD학과,2,2,금03A~04B,50,0
기업가정신과리더쉽커뮤니케이션,HRD260,2학기,HRD학과,3,2,금06A~07B,50,0
현대사회와직업윤리,HRD270,2학기,HRD학과,1,2,월01A~02B,50,0
현대사회와직업윤리,HRD270,2학기,HRD학과,2,2,월03A~04B,50,0
현대사회와직업윤리,HRD270,2학기,HRD학과,3,2,월06A~07B,50,0
NCS교육기획,HRD280,2학기,HRD학과,1,2,화02A~03B,50,0
NCS교육기획,HRD280,2학기,HRD학과,2,2,화05A~06B,50,0
NCS교육기획,HRD280,2학기,HRD학과,3,2,화07A~08B,50,0
NCS교육기획,HRD280,2학기,HRD학과,4,2,월05A~06B,50,0
NCS교육기획,HRD280,2학기,HRD학과,5,2,월07A~08B,50,0
NCS교육기획,HRD280,2학기,HRD학과,6,2,금05A~06B,50,0
학습자이해와상담,HRD290,2학기,HRD학과,1,2,수03A~04B,50,0
학습자이해와상담,HRD290,2학기,HRD학과,2,2,수06A~07B,50,0
학습자이해와상담,HRD290,2학기,HRD학과,3,2,화08A~09B,50,0
학습자이해와상담,HRD290,2학기,HRD학과,4,2,화03A~04B,50,0
학습자이해와상담,HRD290,2학기,HRD학과,5,2,화06A~07B,50,0
창의적사고와글쓰기,LAN123,2학기,교양학부,1,3,"수01A~02B,금01A~01B",50,1
창의적사고와글쓰기,LAN123,2학기,교양학부,2,3,"수01A~02B,금01A~01B",50,1
창의적사고와글쓰기,LAN123,2학기,교양학부,3,3,"수03A~04B,금02A~02B",50,1
창의적사고와글쓰기,LAN123,2학기,교양학부,4,3,"수03A~04B,금02A~02B",50,1
창의적사고와글쓰기,LAN123,2학기,교양학부,5,3,"월01A~02B,화04A~04B",50,1
창의적사고와글쓰기,LAN123,2학기,교양학부,6,3,"월01A~02B,화04A~04B",50,1
창의적사고와글쓰기,LAN123,2학기,교양학부,7,3,"월06A~07B,수03A~03B",50,1
창의적사고와글쓰기,LAN123,2학기,교양학부,8,3,"월06A~07B,수03A~03B",50,1
창의적사고와글쓰기,LAN123,2학기,교양학부,9,3,"월03A~04B,수04A~04B",50,1
창의적사고와글쓰기,LAN123,2학기,교양학부,10,3,"월03A~04B,수04A~04B",50,1
창의적사고와글쓰기,LAN123,2학기,교양학부,11,3,"월01A~02B,수01A~01B",50,1
창의적사고와글쓰기,LAN123,2학기,교양학부,12,3,"월01A~02B,수01A~01B",50,1
창의적사고와글쓰기,LAN123,2학기,교양학부,13,3,"화01A~02B,목01A~01B",50,1
창의적사고와글쓰기,LAN123,2학기,교양학부,14,3,"화01A~02B,목01A~01B",50,1
창의적사고와글쓰기,LAN123,2학기,교양학부,15,3,"화03A~04B,목03A~03B",50,1
창의적사고와글쓰기,LAN123,2학기,교양학부,16,3,"화03A~04B,목03A~03B",50,1
창의적사고와글쓰기,LAN123,2학기,교양학부,17,3,"화06A~07B,목06A~06B",50,1
창의적사고와글쓰기,LAN123,2학기,교양학부,18,3,"화06A~07B,목06A~06B",50,1
창의적사고와글쓰기,LAN123,2학기,교양학부,19,3,"화01A~02B,목01A~01B",50,1
창의적사고와글쓰기,LAN123,2학기,교양학부,20,3,"화01A~02B,목01A~01B",50,1
영어읽기와쓰기,LAN316,2학기,교양학부,1,3,"월02A~02B,수03A~04B",50,1
영어읽기와쓰기,LAN316,2학기,교양학부,2,3,"월02A~02B,수03A~04B",50,1
영어읽기와쓰기,LAN316,2학기,교양학부,3,3,"월02A~02B,수03A~04B",50,1
영어읽기와쓰기,LAN316,2학기,교양학부,4,3,"월02A~02B,수03A~04B",50,1
영어읽기와쓰기,LAN316,2학기,교양학부,5,3,"월06A~07B,수06A~06B",50,1
영어읽기와쓰기,LAN316,2학기,교양학부,6,3,"월06A~07B,수06A~06B",50,1
영어읽기와쓰기,LAN316,2학기,교양학부,7,3,"월03A~04B,수02A~02B",50,1
영어읽기와쓰기,LAN316,2학기,교양학부,8,3,"월03A~04B,수02A~02B",50,1
영어읽기와쓰기,LAN316,2학기,교양학부,9,3,"월03A~04B,수02A~02B",50,1
영어읽기와쓰기,LAN316,2학기,교양학부,10,3,"월03A~04B,수02A~02B",50,1
영어읽기와쓰기,LAN316,2학기,교양학부,11,3,"월03A~04B,수02A~02B",50,1
영어읽기와쓰기,LAN316,2학기,교양학부,12,3,"월06A~07B,수06A~06B",50,1
영어읽기와쓰기,LAN316,2학기,교양학부,13,3,"월02A~02B,수03A~04B",50,1
영어읽기와쓰기,LAN316,2학기,교양학부,14,3,"월03A~04B,수02A~02B",50,1
영어청해,LAN324,2학기,교양학부,1,1,월01A~02B,50,2
영어청해,LAN324,2학기,교양학부,2,1,월01A~02B,50,2
영어청해,LAN324,2학기,교양학부,3,1,월03A~04B,50,2
영어청해,LAN324,2학기,교양학부,4,1,월03A~04B,50,2
영어청해,LAN324,2학기,교양학부,5,1,월06A~07B,50,2
영어청해,LAN324,2학기,교양학부,6,1,월06A~07B,50,2
영어청해,LAN324,2학기,교양학부,7,1,월08A~09B,50,2
영어청해,LAN324,2학기,교양학부,8,1,월08A~09B,50,2
영어청해,LAN324,2학기,교양학부,9,1,금01A~02B,50,2
영어회화,LAN338,2학기,교양학부,1,1,"화02A~02B,금02A~02B",50,1
영어회화,LAN338,2학기,교양학부,2,1,"화02A~02B,금02A~02B",50,1
영어회화,LAN338,2학기,교양학부,3,1,"화02A~02B,금02A~02B",50,1
영어회화,LAN338,2학기,교양학부,4,1,"월02A~02B,목02A~02B",50,1
영어회화,LAN338,2학기,교양학부,5,1,"월02A~02B,목02A~02B",50,1
영어회화,LAN338,2학기,교양학부,6,1,"월02A~02B,목02A~02B",50,1
영어회화,LAN338,2학기,교양학부,7,1,"월03A~03B,목03A~03B",50,1
영어회화,LAN338,2학기,교양학부,8,1,"월03A~03B,목03A~03B",50,1
영어회화,LAN338,2학기,교양학부,9,1,"월03A~03B,목03A~03B",50,1
영어회화,LAN338,2학기,교양학부,10,1,"월01A~01B,목01A~01B",50,1
영어회화,LAN338,2학기,교양학부,11,1,"월01A~01B,목01A~01B",50,1
영어회화,LAN338,2학기,교양학부,12,1,"월01A~01B,목01A~01B",50,1
영어회화,LAN338,2학기,교양학부,13,1,"화06A~06B,금06A~06B",50,1
영어회화,LAN338,2학기,교양학부,14,1,"화06A~06B,금06A~06B",50,1
영어회화,LAN338,2학기,교양학부,15,1,"화06A~06B,금06A~06B",50,1
영어회화,LAN338,2학기,교양학부,16,1,"화07A~07B,금07A~07B",50,1
영어회화,LAN338,2학기,교양학부,17,1,"화07A~07B,금07A~07B",50,1
영어회화,LAN338,2학기,교양학부,18,1,"화07A~07B,금07A~07B",50,1
영어회화,LAN338,2학기,교양학부,19,1,"화03A~03B,금03A~03B",50,1
영어회화,LAN338,2학기,교양학부,20,1,"화03A~03B,금03A~03B",50,1
영어회화,LAN338,2학기,교양학부,21,1,"화03A~03B,금03A~03B",50,1
영어회화,LAN338,2학기,교양학부,22,1,"월07A~07B,목07A~07B",50,1
영어회화,LAN338,2학기,교양학부,23,1,"월07A~07B,목07A~07B",50,1
영어회화,LAN338,2학기,교양학부,24,1,"월07A~07B,목07A~07B",50,1
영어회화,LAN338,2학기,교양학부,25,1,"화01A~01B,금01A~01B",50,1
영어회화,LAN338,2학기,교양학부,26,1,"화01A~01B,금01A~01B",50,1
영어회화,LAN338,2학기,교양학부,27,1,"화01A~01B,금01A~01B",50,1
영어회화,LAN338,2학기,교양학부,28,1,"월08A~08B,목08A~08B",50,1
영어회화,LAN338,2학기,교양학부,29,1,"월08A~08B,목08A~08B",50,1
영어회화,LAN338,2학기,교양학부,30,1,"월08A~08B,목08A~08B",50,1
외국인을위한한국어1,LAN921,2학기,교양학부,1,5,"화01A~03B,목02A~04B",50,0
문명과역사,SHA140,2학기,교양학부,1,3,화01A~03B,50,0
문명과역사,SHA140,2학기,교양학부,2,3,화01A~03B,50,0
문명과역사,SHA140,2학기,교양학부,3,3,화06A~08B,50,0
문명과역사,SHA140,2학기,교양학부,4,3,화06A~08B,50,0
스킨스쿠버,SHB106,2학기,교양학부,1,1,수01A~02B,50,0
스킨스쿠버,SHB106,2학기,교양학부,2,1,수03A~04B,50,0
스킨스쿠버,SHB106,2학기,교양학부,3,1,수06A~07B,50,0
태권도,SHB173,2학기,교양학부,1,1,월03A~04B,50,0
태권도,SHB173,2학기,교양학부,2,1,금05A~06B,50,0
스키,SHB183,2학기,교양학부,1,1,금01A~02B,50,0
스키,SHB183,2학기,교양학부,2,1,금07A~08B,50,0
보디빌딩,SHB213,2학기,교양학부,1,1,목01A~02B,50,0
보디빌딩,SHB213,2학기,교양학부,2,1,목03A~04B,50,0
보디빌딩,SHB213,2학기,교양학부,3,1,목07A~08B,50,0
필라테스,SHB256,2학기,교양학부,1,1,화06A~07B,50,0
필라테스,SHB256,2학기,교양학부,2,1,화08A~09B,50,0
필라테스,SHB256,2학기,교양학부,4,1,화03A~04B,50,0
인간의삶과적정기술,CON100,2학기,교양학부,1,3,목06A~09B,50,0
현대사회와가족,CON120,2학기,교양학부,1,3,금02A~04B,50,0
현대사회와가족,CON120,2학기,교양학부,2,3,금06A~08B,50,0
빅데이터활용,CON202,2학기,교양학부,1,3,수02A~04B,50,0
빅데이터활용,CON202,2학기,교양학부,2,3,수05A~07B,50,0
기술과경영,CON330,2학기,교양학부,1,3,화01A~03B,50,0
기술과경영,CON330,2학기,교양학부,2,3,목01A~03B,50,0
비판적사고와토론,CON350,2학기,교양학부,1,3,목07A~09B,50,0
창업과기업가정신,IME111,2학기,교양학부,1,2,목03A~04B,50,0
한자와언어생활,LAN133,2학기,교양학부,1,3,"화03A~03B,목02A~03B",50,0
우리문학의이야기,LAN151,2학기,교양학부,1,3,수02A~04B,50,0
독서와토론,LAN162,2학기,교양학부,1,3,금02A~04B,50,0
독서와토론,LAN162,2학기,교양학부,2,3,목02A~04B,50,0
대학기초영어,LAN352,2학기,교양학부,1,3,"월03A~04B,수02A~02B",50,0
시사영어,LAN371,2학기,교양학부,1,3,"월02A~02B,수03A~04B",50,0
프레젠테이션기법과활용,LAN491,2학기,교양학부,1,3,목02A~04B,50,0
발표와토론,LAN501,2학기,교양학부,1,3,수06A~08B,50,0
심화글쓰기,LAN511,2학기,교양학부,1,3,금03A~05B,50,1
심화글쓰기,LAN511,2학기,교양학부,2,3,목07A~09B,50,1
심화글쓰기,LAN511,2학기,교양학부,3,3,목06A~08B,50,0
일본어1,LAN613,2학기,교양학부,1,3,목02A~04B,50,0
일본어1,LAN613,2학기,교양학부,2,3,목06A~08B,50,0
일본어1,LAN613,2학기,교양학부,3,3,수02A~04B,50,0
일본어1,LAN613,2학기,교양학부,4,3,수06A~08B,50,0
중국어1,LAN713,2학기,교양학부,1,3,월01A~03B,50,0
중국어1,LAN713,2학기,교양학부,2,3,월05A~07B,50,0
나노물리학,NAT121,2학기,교양학부,1,3,화07A~09B,50,0
대기환경과기후,NAT151,2학기,교양학부,1,3,화06A~08B,50,0
물리학의세계,NAT171,2학기,교양학부,1,3,목02A~04B,50,0
물리학의세계,NAT171,2학기,교양학부,2,3,목06A~08B,50,0
한국사,SHA111,2학기,교양학부,1,3,월06A~08B,50,0
한국사,SHA111,2학기,교양학부,2,3,목06A~08B,50,0
견행학,SHA151,2학기,교양학부,1,1,수01A~02B,50,0
견행학,SHA151,2학기,교양학부,2,1,수03A~04B,50,0
견행학,SHA151,2학기,교양학부,3,1,수01A~02B,50,0
견행학,SHA151,2학기,교양학부,4,1,화05A~06B,50,0
견행학,SHA151,2학기,교양학부,5,1,금02A~03B,50,1
견행학,SHA151,2학기,교양학부,6,1,화01A~02B,50,0
철학,SHA212,2학기,교양학부,1,3,목07A~09B,50,0
철학,SHA212,2학기,교양학부,2,3,금02A~04B,50,0
동양철학과사상,SHA221,2학기,교양학부,1,3,금02A~04B,50,0
심리학,SHA313,2학기,교양학부,1,3,화06A~08B,50,0
심리학,SHA313,2학기,교양학부,2,3,금02A~04B,50,0
노동법1,SHA422,2학기,교양학부,1,3,월07A~09B,50,0
노동법2,SHA423,2학기,교양학부,1,3,수02A~04B,50,0
사회학,SHA512,2학기,교양학부,1,3,수05A~07B,50,0
사회학,SHA512,2학기,교양학부,2,3,목01A~03B,50,0
영화와현대사회,SHA541,2학기,교양학부,1,3,화06A~08B,50,0
동아시아사회와문화,SHA551,2학기,교양학부,1,3,월01A~03B,50,0
한국독립운동사,SHA610,2학기,교양학부,1,3,목06A~08B,50,0
여성학,SHA831,2학기,교양학부,1,3,금06A~08B,50,0
정치학,SHA852,2학기,교양학부,1,3,화05A~07B,50,0
진로선택과취창업준비,SHA872,2학기,교양학부,1,1,수05A~06B,50,0
천안학,SHA910,2학기,교양학부,1,2,수02A~03B,50,0
한국인과한국사회,SHA941,2학기,교양학부,1,3,화01A~03B,50,0
긍정심리학과행복,SHA950,2학기,교양학부,1,3,목06A~08B,50,0
현대사회의심리학,SHA970,2학기,교양학부,1,3,금06A~08B,50,0
통일문제의이해,SHA980,2학기,교양학부,1,3,화01A~03B,50,0
통일문제의이해,SHA980,2학기,교양학부,2,3,월05A~07B,50,0
테니스,SHB123,2학기,교양학부,1,1,목08A~09B,50,0
배드민턴,SHB133,2학기,교양학부,1,1,금03A~04B,50,0
스포츠댄스,SHB203,2학기,교양학부,1,1,월08A~09B,50,0
레크리에이션,SHB223,2학기,교양학부,1,1,월06A~07B,50,0
골프,SHB233,2학기,교양학부,1,1,목06A~07B,50,0
스포츠마사지,SHB243,2학기,교양학부,1,1,화01A~02B,50,0
스포츠마사지,SHB243,2학기,교양학부,2,1,화03A~04B,50,0
음악의이해,SHB311,2학기,교양학부,1,3,목02A~04B,50,0
사회봉사,SHB410,2학기,교양학부,1,1,금01A~02B,50,0
사회봉사,SHB410,2학기,교양학부,2,1,금03A~04B,50,0
대중문화읽기,SHB451,2학기,교양학부,1,3,목02A~04B,50,0
대중문화읽기,SHB451,2학기,교양학부,2,3,목05A~07B,50,0
인체와건강,SHB461,2학기,교양학부,1,3,월01A~03B,50,0
사진촬영과감상,SHB471,2학기,교양학부,1,3,금02A~04B,50,0
사진촬영과감상,SHB471,2학기,교양학부,2,3,금06A~08B,50,0
오페라의이해,SHB493,2학기,교양학부,1,3,목06A~08B,50,0
예술과철학,SHB530,2학기,교양학부,1,3,수02A~04B,50,0
기술창업시뮬레이션,TAM180,2학기,교양학부,1,1,목03A~03B,50,0
수학적사고,BSM100,2학기,교양학부,1,4,"화06A~07B,목06A~07B",50,0
미적분학,BSM121,2학기,교양학부,1,3,"화01A~02B,목01A~02B",50,1
미적분학,BSM121,2학기,교양학부,2,3,"화01A~02B,목01A~02B",50,1
미적분학,BSM121,2학기,교양학부,3,3,"화01A~02B,목01A~02B",50,1
미적분학,BSM121,2학기,교양학부,4,3,"화03A~04B,목03A~04B",50,1
미적분학,BSM121,2학기,교양학부,5,3,"화03A~04B,목03A~04B",50,1
미적분학,BSM121,2학기,교양학부,6,3,"화03A~04B,목03A~04B",50,1
미적분학,BSM121,2학기,교양학부,7,3,"화06A~07B,목06A~07B",50,1
미적분학,BSM121,2학기,교양학부,8,3,"화06A~07B,목06A~07B",50,1
미적분학,BSM121,2학기,교양학부,9,3,"화06A~07B,목06A~07B",50,1
미적분학,BSM121,2학기,교양학부,10,3,"월01A~02B,수01A~02B",50,1
미적분학,BSM121,2학기,교양학부,11,3,"월03A~04B,수03A~04B",50,1
미적분학,BSM121,2학기,교양학부,12,3,"월03A~04B,수03A~04B",50,1
미분방정식,BSM191,2학기,교양학부,1,3,"월06A~07B,수06A~07B",50,1
미분방정식,BSM191,2학기,교양학부,2,3,"월06A~07B,수06A~07B",50,1
미분방정식,BSM191,2학기,교양학부,3,3,"수01A~02B,목08A~09B",50,1
미적분학,BSM121,2학기,교양학부,13,3,"화01A~02B,목01A~02B",50,1
미적분학,BSM121,2학기,교양학부,14,3,"화03A~04B,목03A~04B",50,1
미적분학,BSM121,2학기,교양학부,15,3,"화06A~07B,목06A~07B",50,1
물리적사고2,BSM331,2학기,교양학부,1,3,"월06A~06B,화03A~04B",50,1
물리적사고2,BSM331,2학기,교양학부,2,3,"월06A~06B,목03A~04B",50,1
물리적사고2,BSM331,2학기,교양학부,3,3,"월03A~04B,목06A~06B",50,1
물리적사고2,BSM331,2학기,교양학부,4,3,"월03A~04B,목01A~01B",50,1
물리적사고2,BSM331,2학기,교양학부,5,3,"월03A~04B,목06A~06B",50,1
물리적사고2,BSM331,2학기,교양학부,6,3,"월03A~04B,화06A~06B",50,1
물리적사고2,BSM331,2학기,교양학부,7,3,"월08A~09B,목03A~03B",50,1
물리적사고2,BSM331,2학기,교양학부,8,3,"월08A~09B,목03A~03B",50,1
물리적사고2,BSM331,2학기,교양학부,9,3,"월08A~09B,화03A~03B",50,1
물리적사고2,BSM331,2학기,교양학부,10,3,"월02A~02B,08A~09B",50,1
물리적사고2,BSM331,2학기,교양학부,11,3,"월02A~02B,08A~09B",50,1
물리적사고2,BSM331,2학기,교양학부,12,3,"월04A~04B,08A~09B",50,1
물리적사고2,BSM331,2학기,교양학부,13,3,"월07A~07B,목01A~02B",50,1
물리적사고2,BSM331,2학기,교양학부,14,3,"화08A~08B,금01A~02B",50,1
물리실험2,BSM332,2학기,교양학부,1,1,월03A~04B,50,1
물리실험2,BSM332,2학기,교양학부,2,1,월03A~04B,50,1
물리실험2,BSM332,2학기,교양학부,3,1,목03A~04B,50,1
물리실험2,BSM332,2학기,교양학부,4,1,화01A~02B,50,1
물리실험2,BSM332,2학기,교양학부,5,1,화01A~02B,50,1
물리실험2,BSM332,2학기,교양학부,6,1,목06A~07B,50,1
물리실험2,BSM332,2학기,교양학부,7,1,화03A~04B,50,1
물리실험2,BSM332,2학기,교양학부,8,1,화03A~04B,50,1
물리실험2,BSM332,2학기,교양학부,9,1,목01A~02B,50,1
물리실험2,BSM332,2학기,교양학부,10,1,화06A~07B,50,1
물리실험2,BSM332,2학기,교양학부,11,1,목01A~02B,50,1
물리실험2,BSM332,2학기,교양학부,12,1,월06A~07B,50,1
물리실험2,BSM332,2학기,교양학부,13,1,목03A~04B,50,1
물리실험2,BSM332,2학기,교양학부,14,1,화06A~07B,50,1
공학수학1,BSM090,2학기,교양학부,1,3,"화01A~02B,목01A~02B",50,0
공학수학2,BSM095,2학기,교양학부,1,3,"월01A~02B,수01A~02B",50,2
공학수학2,BSM095,2학기,교양학부,2,3,"월01A~02B,수01A~02B",50,2
공학수학2,BSM095,2학기,교양학부,3,3,"월01A~02B,수01A~02B",50,2
공학수학2,BSM095,2학기,교양학부,5,3,"월03A~04B,수03A~04B",50,2
공학수학2,BSM095,2학기,교양학부,6,3,"월03A~04B,수03A~04B",50,2
공학수학2,BSM095,2학기,교양학부,7,3,"월03A~04B,수03A~04B",50,2
공학수학2,BSM095,2학기,교양학부,9,3,"화01A~02B,목01A~02B",50,2
선형대수학,BSM171,2학기,교양학부,1,3,"월01A~02B,수01A~02B",50,0
이산수학,BSM180,2학기,교양학부,1,3,"화01A~02A,목01A~02A",50,0
응용확률및통계,BSM242,2학기,교양학부,1,3,"화03A~04A,목03A~04A",50,0
일반생물학,BSM781,2학기,교양학부,1,3,월02A~04B,50,0
일반생물학,BSM781,2학기,교양학부,2,3,월06A~08B,50,0
지구과학,BSM790,2학기,교양학부,1,3,화02A~04B,50,0
창의적공학설계(AD),MEF666,2학기,기계공학부,1,2,"수06A~06B,목03A~04B",50,1
창의적공학설계(AD),MEF666,2학기,기계공학부,2,2,"화03A~03B,목08A~09B",50,1
창의적공학설계(AD),MEF666,2학기,기계공학부,3,2,"월08A~08B,화08A~09B",50,1
공학제도및CAD,MEB201,2학기,기계공학부,1,2,화05A~07B,50,1
공학제도및CAD,MEB201,2학기,기계공학부,2,2,월07A~09B,50,1
공학제도및CAD,MEB201,2학기,기계공학부,3,2,목06A~08B,50,1
공학제도및CAD,MEB201,2학기,기계공학부,4,2,수05A~07B,50,1
정역학,MEB301,2학기,기계공학부,1,2,화03A~04B,50,1
정역학,MEB301,2학기,기계공학부,2,2,월07A~08B,50,1
정역학,MEB301,2학기,기계공학부,3,2,화06A~07B,50,1
정역학,MEB301,2학기,기계공학부,4,2,목07A~08B,50,1
정역학,MEB301,2학기,기계공학부,5,2,목06A~07B,50,1
동역학,MEB321,2학기,기계공학부,1,3,"월03A~04B,수03A~03B",50,2
동역학,MEB321,2학기,기계공학부,2,3,"월06A~07B,수06A~06B",50,2
동역학,MEB321,2학기,기계공학부,3,3,"월03A~04B,수03A~03B",50,2
동역학,MEB321,2학기,기계공학부,4,3,"월06A~07B,수04A~04B",50,2
유체역학,MEB341,2학기,기계공학부,1,3,"월08A~09B,목02A~02B",50,2
유체역학,MEB341,2학기,기계공학부,2,3,"월08A~09B,목02A~02B",50,2
유체역학,MEB341,2학기,기계공학부,3,3,"월08A~09B,목02A~02B",50,2
유체역학,MEB341,2학기,기계공학부,4,3,"화06A~07B,목04A~04B",50,2
유체역학,MEB341,2학기,기계공학부,5,3,"화03A~04B,목06A~06B",50,2
공학설계(캡스톤디자인),MEG875,2학기,기계공학부,1,1,목10A~10B,50,3
자동차공학실습,MEC220,2학기,기계공학부,1,2,목06A~08B,50,2
자동차공학실습,MEC220,2학기,기계공학부,2,2,수05A~07B,50,2
기초제어실습,MEC250,2학기,기계공학부,1,2,"화02A~02B,목03A~04B",50,2
컴퓨터응용제조실습,MEC330,2학기,기계공학부,1,2,목07A~09B,50,2
컴퓨터응용제조실습,MEC330,2학기,기계공학부,2,2,금02A~04B,50,2
산업체취·창업특강,MEC960,2학기,기계공학부,1,1,수05A~05B,50,3
생산공학,MEE440,2학기,기계공학부,1,3,"월06A~07B,목03A~03B",50,3
기계재료학,MEC365,2학기,기계공학부,1,2,화08A~09B,50,2
기계재료학,MEC365,2학기,기계공학부,2,2,화01A~02B,50,2
기계재료학,MEC365,2학기,기계공학부,3,2,화08A~09B,50,2
기계재료학,MEC365,2학기,기계공학부,4,2,목06A~07B,50,2
재료거동학,MEB511,2학기,기계공학부,1,3,"월03A~04B,수03A~04B",50,3
친환경공학개론,MEC351,2학기,기계공학부,1,3,"월03A~04B,수03A~03B",50,4
친환경공학개론,MEC351,2학기,기계공학부,2,3,"월08A~09B,수05A~05B",50,4
열유체공학실험,MEC402,2학기,기계공학부,1,2,화02A~04B,50,3
응용역학실험,MEC412,2학기,기계공학부,1,2,화02A~04B,50,3
응용역학실험,MEC412,2학기,기계공학부,2,2,화06A~08B,50,3
응용제어실험,MEC415,2학기,기계공학부,1,2,화02A~04B,50,3
기초유한요소법,MED601,2학기,기계공학부,1,3,"월08A~09B,수06A~07B",50,3
기구학,MED633,2학기,기계공학부,1,2,월08A~09B,50,3
전산유체역학,MED833,2학기,기계공학부,1,3,"월03A~04B,목06A~07B",50,3
전산유체역학,MED833,2학기,기계공학부,2,3,"월06A~07B,목08A~09B",50,3
마이크로나노생산,MEE460,2학기,기계공학부,1,3,"화03A~04B,목03A~03B",50,4
최적설계,MEE470,2학기,기계공학부,1,3,"화08A~09B,수02A~02B",50,4
진동및소음,MEE633,2학기,기계공학부,1,3,"화08A~09B,목03A~04B",50,3
바이오융합시스템,MEE740,2학기,기계공학부,1,3,"월06A~07B,수03A~03B",50,4
열유체시스템,MEE823,2학기,기계공학부,1,3,"월03A~04B,수06A~07B",50,3
마이크로시스템설계,MEF511,2학기,기계공학부,1,3,"화06A~07B,목03A~04B",50,3
스마트생산시스템,MEF632,2학기,기계공학부,1,3,"월08A~09B,수06A~07B",50,4
시스템해석및응용,MEH301,2학기,기계공학부,1,3,"월03A~04B,수04A~04B",50,4
응용제어,MEH343,2학기,기계공학부,1,3,"월08A~09B,수01A~02B",50,3
IoT메카트로닉스,MES311,2학기,기계공학부,1,3,"화06A~07B,목06A~07B",50,3
로봇공학,MES321,2학기,기계공학부,1,3,"수06A~07B,금03A~04B",50,3
자율주행자동차실습,MES415,2학기,기계공학부,1,3,"화06A~07B,목06A~07B",50,4
문제해결과프로그래밍,BSM631,2학기,기계공학부,10,3,"수01A~02B,금02A~03B",50,1
문제해결과프로그래밍,BSM631,2학기,기계공학부,11,3,"수01A~02B,금02A~03B",50,1
문제해결과프로그래밍,BSM631,2학기,기계공학부,12,3,"수01A~02B,금05A~06B",50,1
문제해결과프로그래밍,BSM631,2학기,기계공학부,13,3,"수01A~02B,금05A~06B",50,1
문제해결과프로그래밍,BSM631,2학기,기계공학부,14,3,"수01A~02B,금07A~08B",50,1
문제해결과프로그래밍,BSM631,2학기,기계공학부,15,3,"수01A~02B,금07A~08B",50,1
응용프로그래밍,BSM640,2학기,기계공학부,1,3,"월03A~04B,수03A~04B",50,2
응용프로그래밍,BSM640,2학기,기계공학부,2,3,"월06A~07B,수06A~07B",50,2
응용프로그래밍,BSM640,2학기,기계공학부,3,3,"화06A~07B,목03A~04B",50,2
응용프로그래밍,BSM640,2학기,기계공학부,4,3,"화03A~04B,금02A~03B",50,2
건축구조의 이해 및 실습,ARB244,2학기,디자인ㆍ건축공학부,1,3,"수06A~07B,금03A~04B",25,1
건축구조의 이해 및 실습,ARB244,2학기,디자인ㆍ건축공학부,2,3,"수06A~07B,금06A~07B",25,1
공학설계(캡스톤디자인),ARB905,2학기,디자인ㆍ건축공학부,1,1,수10A~10B,50,3
졸업설계Ⅱ(캡스톤디자인) ,ARB937,2학기,디자인ㆍ건축공학부,1,2,수11A~12B,50,5
건축기초설계,ARB215,2학기,디자인ㆍ건축공학부,1,2,"월03A~03B,화10A~11B",50,1
건축기초설계,ARB215,2학기,디자인ㆍ건축공학부,2,2,"월04A~04B,수10A~11B",50,1
건축설계스튜디오2실습,ARD711,2학기,디자인ㆍ건축공학부,1,3,화06A~11B,50,2
건축설계스튜디오2실습,ARD711,2학기,디자인ㆍ건축공학부,2,3,화06A~11B,50,2
건축설계스튜디오8실습,ARD717,2학기,디자인ㆍ건축공학부,1,3,목06A~11B,50,5
건축재료설계,ARE462,2학기,디자인ㆍ건축공학부,1,3,금04A~07B,50,2
건축재료설계,ARE462,2학기,디자인ㆍ건축공학부,2,3,"금04A~05B,08A~09B",50,2
창의적공학설계(AD),ARE501,2학기,디자인ㆍ건축공학부,1,2,화06A~08B,50,1
디자인인간공학,IDA203,2학기,디자인ㆍ건축공학부,1,3,"수03A~04B,목03A~04B",50,2
디자인인간공학,IDA203,2학기,디자인ㆍ건축공학부,2,3,"수01A~02B,목06A~07B",50,2
기초디자인,IDA223,2학기,디자인ㆍ건축공학부,1,3,화06A~09B,50,1
기초디자인,IDA223,2학기,디자인ㆍ건축공학부,2,3,월06A~09B,50,1
(창의)제품조형실습(PBL),IDA277,2학기,디자인ㆍ건축공학부,1,3,화06A~09B,50,2
(창의)제품조형실습(PBL),IDA277,2학기,디자인ㆍ건축공학부,2,3,월01A~04B,50,2
디자인표현기법,IDA393,2학기,디자인ㆍ건축공학부,1,3,수01A~04B,50,1
디자인표현기법,IDA393,2학기,디자인ㆍ건축공학부,2,3,목06A~09B,50,1
미디어디자인,IDA405,2학기,디자인ㆍ건축공학부,1,3,"월06A~07B,수06A~07B",50,2
미디어디자인,IDA405,2학기,디자인ㆍ건축공학부,2,3,"월08A~09B,수06A~07B",50,2
제도,IDA488,2학기,디자인ㆍ건축공학부,1,3,"월01A~02B,금06A~07B",50,1
제도,IDA488,2학기,디자인ㆍ건축공학부,2,3,"월01A~02B,금08A~09B",50,1
조형디자인,IDA562,2학기,디자인ㆍ건축공학부,1,3,월06A~09B,50,1
조형디자인,IDA562,2학기,디자인ㆍ건축공학부,2,3,금05A~08B,50,1
융합제품디자인(캡스톤디자인),IDA722,2학기,디자인ㆍ건축공학부,1,3,월01A~04B,50,3
융합제품디자인(캡스톤디자인),IDA722,2학기,디자인ㆍ건축공학부,2,3,수01A~04B,50,3
공학설계(캡스톤디자인),IDA786,2학기,디자인ㆍ건축공학부,1,1,목10A~11B,50,3
서양건축사,ARD322,2학기,디자인ㆍ건축공학부,1,3,월06A~08B,50,2
건설안전공학,ARE201,2학기,디자인ㆍ건축공학부,1,3,목06A~09B,50,3
구조역학및응용,ARE407,2학기,디자인ㆍ건축공학부,1,3,화01A~04B,50,2
스마트원가관리및실습,ARE473,2학기,디자인ㆍ건축공학부,2,3,월06A~09B,50,3
건축설비,ARE492,2학기,디자인ㆍ건축공학부,1,3,화01A~03B,50,3
철골구조및실습,ARE712,2학기,디자인ㆍ건축공학부,1,3,화06A~09B,50,3
경량철골및목구조실습,ARE842,2학기,디자인ㆍ건축공학부,1,3,금05A~10B,50,0
디자인과특허,IDA415,2학기,디자인ㆍ건축공학부,1,3,수11A~13B,50,4
그래픽디자인실습,IDA494,2학기,디자인ㆍ건축공학부,1,3,금01A~04B,50,2
전기전자공학및실습,IDA552,2학기,디자인ㆍ건축공학부,1,3,화01A~04B,50,2
"UX서비스디자인(캡스톤디자인,PBL)",IDA736,2학기,디자인ㆍ건축공학부,1,4,화06A~09B,50,4
디자인과 마케팅,IDA851,2학기,디자인ㆍ건축공학부,1,3,월01A~03B,50,4
(창의)감성디자인,IDA872,2학기,디자인ㆍ건축공학부,1,3,목06A~09B,50,3
디자인방법론,IDA881,2학기,디자인ㆍ건축공학부,1,3,화06A~09B,50,3
디지털3D렌더링,IDA923,2학기,디자인ㆍ건축공학부,1,3,목06A~09B,50,2
디지털3D렌더링,IDA923,2학기,디자인ㆍ건축공학부,2,3,화06A~09B,50,2
문제해결과프로그래밍,BSM631,2학기,디자인ㆍ건축공학부,1,3,"수06A~07B,목03A~04B",50,1
문제해결과프로그래밍,BSM631,2학기,디자인ㆍ건축공학부,2,3,"수06A~07B,목06A~07B",50,1
문제해결과프로그래밍,BSM631,2학기,디자인ㆍ건축공학부,16,3,"수03A~04B,목01A~02B",50,1
문제해결과프로그래밍,BSM631,2학기,디자인ㆍ건축공학부,17,3,"수03A~04B,목08A~09B",50,1
응용프로그래밍,BSM640,2학기,디자인ㆍ건축공학부,5,3,금01A~04B,50,1
응용프로그래밍,BSM640,2학기,디자인ㆍ건축공학부,6,3,금06A~09B,50,1
창의적공학설계(AD),MEF664,2학기,메카트로닉스공학부,1,2,목02A~04B,50,1
창의적공학설계(AD),MEF664,2학기,메카트로닉스공학부,2,2,목07A~09B,50,1
창의적공학설계(AD),MEF664,2학기,메카트로닉스공학부,3,2,화07A~09B,50,1
CAD및실습,MTB390,2학기,메카트로닉스공학부,1,2,"목08A~09B,금05A~05B",50,1
CAD및실습,MTB390,2학기,메카트로닉스공학부,2,2,"월02A~02B,목03A~04B",50,1
CAD및실습,MTB390,2학기,메카트로닉스공학부,3,2,"화05A~05B,목03A~04B",50,1
정역학,MTB443,2학기,메카트로닉스공학부,1,2,화03A~04B,50,1
정역학,MTB443,2학기,메카트로닉스공학부,2,2,월08A~09B,50,1
정역학,MTB443,2학기,메카트로닉스공학부,3,2,수03A~04B,50,1
공학설계Ⅰ(캡스톤디자인),MTC743,2학기,메카트로닉스공학부,1,1,월10A~10B,50,3
공학설계Ⅱ(캡스톤디자인),MTC753,2학기,메카트로닉스공학부,1,1,화10A~10B,50,3
졸업설계Ⅰ(캡스톤디자인),MTC905,2학기,메카트로닉스공학부,1,2,목10A~11B,50,4
졸업설계Ⅰ(캡스톤디자인),MTC905,2학기,메카트로닉스공학부,2,2,목10A~11B,50,4
졸업설계Ⅰ(캡스톤디자인),MTC905,2학기,메카트로닉스공학부,3,2,목10A~11B,50,4
졸업설계Ⅱ(캡스톤디자인),MTC906,2학기,메카트로닉스공학부,1,2,금10A~11B,50,4
유공압기초실습,MCA214,2학기,메카트로닉스공학부,1,2,"월08A~08B,수03A~04B",50,1
유공압기초실습,MCA214,2학기,메카트로닉스공학부,2,2,화07A~09B,50,1
유공압기초실습,MCA214,2학기,메카트로닉스공학부,3,2,화01A~03B,50,1
기계공작실습,MCA940,2학기,메카트로닉스공학부,1,2,화06A~09B,50,1
기계공작실습,MCA940,2학기,메카트로닉스공학부,2,2,수01A~04B,50,1
기계공작실습,MCA940,2학기,메카트로닉스공학부,3,2,월06A~09B,50,1
기전시스템기초설계,MTB484,2학기,메카트로닉스공학부,1,2,금01A~03B,50,1
기전시스템기초설계,MTB484,2학기,메카트로닉스공학부,2,2,"화03A~03B,05A~06B",50,1
기전시스템기초설계,MTB484,2학기,메카트로닉스공학부,3,2,금06A~08B,50,1
전자회로기초및실습,MCA333,2학기,메카트로닉스공학부,2,3,"수06A~07B,목01A~02B",50,2
동역학,MTB325,2학기,메카트로닉스공학부,1,3,"화05A~06B,수03A~03B",50,2
동역학,MTB325,2학기,메카트로닉스공학부,2,3,"화05A~06B,수03A~03B",50,2
동역학,MTB325,2학기,메카트로닉스공학부,3,3,"월07A~08B,목07A~07B",50,2
동역학,MTB326,2학기,메카트로닉스공학부,1,2,화08A~09B,50,2
전산유동해석,MTC612,2학기,메카트로닉스공학부,1,2,화01A~03B,50,2
제어공학 및 실습,MTC805,2학기,메카트로닉스공학부,1,3,"월08A~09B,목07A~08B",50,3
유체역학,MTD843,2학기,메카트로닉스공학부,1,3,"화05A~06B,목03A~03B",50,2
디지털회로설계및실습,MCA285,2학기,메카트로닉스공학부,1,3,금06A~09B,50,2
디지털회로설계및실습,MCA285,2학기,메카트로닉스공학부,2,3,"월05A~06B,화07A~08B",50,2
전자회로기초및실습,MCA333,2학기,메카트로닉스공학부,1,3,"화08A~09B,목06A~07B",50,2
전자회로기초및실습,MCA333,2학기,메카트로닉스공학부,3,3,금01A~04B,50,2
마이크로프로세서및실습2,MCA361,2학기,메카트로닉스공학부,1,3,"화05A~06B,수06A~07B",50,3
기계제어공학Ⅱ,MCA400,2학기,메카트로닉스공학부,1,3,"월01A~02B,화08A~08B",50,3
제어시스템설계및실험,MCA621,2학기,메카트로닉스공학부,1,3,"월06A~07B,목01A~02B",50,3
센서및계측공학,MCA658,2학기,메카트로닉스공학부,1,3,"화02A~03B,수02A~03B",50,3
로봇공학및실습,MCA670,2학기,메카트로닉스공학부,1,3,"월02A~03B,화08A~09B",50,4
계측공학및실험,MCA700,2학기,메카트로닉스공학부,1,3,"화02A~03B,수03A~04B",50,3
산업체취·창업특강,MCA950,2학기,메카트로닉스공학부,1,1,화03A~03B,50,4
공장설비계획(창업),MTA421,2학기,메카트로닉스공학부,1,2,수06A~07B,50,4
생산설계기술,MTA451,2학기,메카트로닉스공학부,1,2,수01A~03B,50,4
유한요소법및실습,MTA491,2학기,메카트로닉스공학부,1,3,"월05A~06B,목06A~07B",50,3
창의적설계및실습(캡스톤디자인),MTA532,2학기,메카트로닉스공학부,1,2,"수03A~03B,목08A~09B",50,3
기구학,MTB374,2학기,메카트로닉스공학부,1,2,목01A~02B,50,2
기구학,MTB374,2학기,메카트로닉스공학부,2,2,월05A~06B,50,2
3D CAD 및 실습,MTB389,2학기,메카트로닉스공학부,1,2,월07A~09B,50,2
기계요소설계,MTB419,2학기,메카트로닉스공학부,1,3,"월07A~08B,화05A~06B",50,3
기계요소설계,MTB419,2학기,메카트로닉스공학부,2,3,"월06A~07B,목01A~02B",50,3
마이크로프로세서및실습1,MTB428,2학기,메카트로닉스공학부,1,3,"수06A~07B,목08A~09B",50,2
기계진동학,MTB433,2학기,메카트로닉스공학부,1,3,"월08A~09B,수02A~02B",50,3
기계진동학,MTB433,2학기,메카트로닉스공학부,2,3,"수05A~05B,목03A~04B",50,3
기계공학실험,MTB472,2학기,메카트로닉스공학부,1,2,수05A~07B,50,3
기계공학실험,MTB472,2학기,메카트로닉스공학부,2,2,수01A~03B,50,2
스마트팩토리공정제어,MTC719,2학기,메카트로닉스공학부,1,3,"월05A~06B,수06A~07B",50,4
열유체시뮬레이션공학및실습,MTD835,2학기,메카트로닉스공학부,3,2,수05A~07B,50,4
절삭학및DOE,MTE604,2학기,메카트로닉스공학부,1,2,"화02A~03B,수02A~02B",50,3
임베디드시스템및실습,MTF173,2학기,메카트로닉스공학부,1,2,월01A~03B,50,4
동적시스템해석및실습,MTF195,2학기,메카트로닉스공학부,1,2,화07A~09B,50,3
CNC가공및실습,MTF212,2학기,메카트로닉스공학부,1,2,"화08A~08B,목02A~03B",50,3
디스플레이공학개론,MTF281,2학기,메카트로닉스공학부,1,3,목05A~07B,50,4
반도체공정공학,MTF380,2학기,메카트로닉스공학부,1,2,목02A~03B,50,4
공업통계학및실습,BSM461,2학기,메카트로닉스공학부,1,3,"월05A~06B,목03A~04B",50,2
수치해석및실습,BSM510,2학기,메카트로닉스공학부,6,3,"화01A~02B,목05A~06B",50,2
문제해결과프로그래밍,BSM631,2학기,메카트로닉스공학부,22,3,"수01A~02B,목06A~07B",50,1
문제해결과프로그래밍,BSM631,2학기,메카트로닉스공학부,23,3,"수01A~02B,목06A~07B",50,1
문제해결과프로그래밍,BSM631,2학기,메카트로닉스공학부,24,3,"목01A~02B,금01A~02B",50,1
문제해결과프로그래밍,BSM631,2학기,메카트로닉스공학부,25,3,"월01A~02B,수06A~07B",50,1
공업통계학및실습,BSM461,2학기,메카트로닉스공학부,2,3,"수06A~07B,목08A~09B",50,2
수치해석및실습,BSM510,2학기,메카트로닉스공학부,4,3,"수03A~04B,목06A~07B",50,2
수치해석및실습,BSM510,2학기,메카트로닉스공학부,5,3,"월07A~08B,수01A~02B",50,2
경제학원론,IMA212,2학기,산업경영학부,1,3,"월06B~07B,금06B~07B",50,1
경제학원론,IMA212,2학기,산업경영학부,2,3,"월08A~09A,금08A~09A",50,1
회계원리와실습,IMA241,2학기,산업경영학부,1,3,"월01A~02B,수01A~02B",50,2
회계원리와실습,IMA241,2학기,산업경영학부,2,3,"월03A~04B,수03A~04B",50,2
마케팅원론,IMA300,2학기,산업경영학부,1,3,금01A~03B,50,2
마케팅원론,IMA300,2학기,산업경영학부,2,3,금05A~07B,50,2
재무관리(캡스톤디자인),IMA310,2학기,산업경영학부,1,3,"월03A~04A,수03A~04A",50,2
재무관리(캡스톤디자인),IMA310,2학기,산업경영학부,2,3,"월01B~02B,수01B~02B",50,2
생산관리,IMA360,2학기,산업경영학부,1,3,"화03A~04A,수05A~06A",50,2
생산관리,IMA360,2학기,산업경영학부,2,3,"화01B~02B,수06B~07B",50,2
경영전략(캡스톤디자인),IMA430,2학기,산업경영학부,1,3,"화06B~07B,목05A~06A",50,4
경영정보시스템개론,IMA900,2학기,산업경영학부,1,3,"화08A~09A,목03A~04A",50,2
경영정보시스템개론,IMA900,2학기,산업경영학부,2,3,화05A~07B,50,2
조직행동론,IMB841,2학기,산업경영학부,1,3,"월06B~07B,화06B~07B",50,2
미시경제학,IMA251,2학기,산업경영학부,1,3,"월05A~06A,수05A~06A",50,3
재무회계,IMA293,2학기,산업경영학부,1,3,"월06B~07B,수06B~07B",50,9
거시경제학,IMA330,2학기,산업경영학부,1,3,"월06B~07B,수06B~07B",50,3
국제금융론,IMA371,2학기,산업경영학부,1,3,"화01B~02B,08A~09A",50,3
민법,IMA450,2학기,산업경영학부,1,3,금05A~07B,50,3
비즈니스커뮤니케이션1,IMA507,2학기,산업경영학부,1,4,"월01A~02B,수02A~02B,목02A~02B",50,0
혁신경영론,IMA781,2학기,산업경영학부,1,3,"화03A~04A,수03A~04A",50,3
기업법,IMA860,2학기,산업경영학부,1,3,금01A~03B,50,3
하이테크산업전략(PBL),IMA881,2학기,산업경영학부,1,4,"월03A~04B,수03A~03B,목01A~01B",50,3
경영전산응용및실습,IMA925,2학기,산업경영학부,1,3,목01A~04B,50,0
국제무역론,IMB420,2학기,산업경영학부,1,3,"화05A~06A,수05A~06A",50,3
기업문화론,IMB651,2학기,산업경영학부,1,3,"화08A~09A,목08A~09A",50,3
임금관리론,IMB700,2학기,산업경영학부,1,3,월05A~07B,50,3
노동정책론,IMB730,2학기,산업경영학부,1,3,"월06B~07B,화06B~07B",50,3
기술창업,IMC500,2학기,산업경영학부,1,3,금05A~07B,50,3
시뮬레이션과디지털트윈,IMC580,2학기,산업경영학부,1,3,"화03A~04A,목03A~04A",50,0
빅데이터개론,IMC765,2학기,산업경영학부,1,3,"화08A~09B,수01A~02B",50,3
거시조직론,IMA421,2학기,산업경영학부,1,3,"화05A~06A,목06B~07B",50,0
국제경영론,IMA442,2학기,산업경영학부,1,3,"화06B~07B,수06B~07B",50,2
국제경영론,IMA442,2학기,산업경영학부,2,3,"화03A~04A,수05A~06A",50,2
관리회계실무,IMA615,2학기,산업경영학부,1,3,"월01A~02B,수01A~02B",50,3
졸업및경력개발1,IMA635,2학기,산업경영학부,1,1,월10A~10B,50,3
졸업및경력개발2,IMA636,2학기,산업경영학부,1,1,화10A~10B,50,4
졸업및경력개발3,IMA637,2학기,산업경영학부,1,1,수10A~10B,50,4
기업가정신(캡스톤디자인),IMB390,2학기,산업경영학부,1,3,"화05A~06A,목06B~07B",50,0
인력경영론(캡스톤디자인),IMB601,2학기,산업경영학부,1,3,월01A~03B,50,3
노동시장론,IMB612,2학기,산업경영학부,1,3,"화02A~02B,수01A~02B",50,3
기술경영론,IMC602,2학기,산업경영학부,1,3,"화06B~07B,목05A~06A",50,2
기술경영론,IMC602,2학기,산업경영학부,2,3,"화08A~09A,목03A~04A",50,2
품질관리론(캡스톤디자인),IMC612,2학기,산업경영학부,1,3,월05A~07B,50,3
e-Biz개론(캡스톤디자인),IMD900,2학기,산업경영학부,1,3,"월05A~06A,목06B~07B",50,3
세무회계,IMA382,2학기,산업경영학부,1,4,"월03A~04B,수03A~04B",50,0
노동관계법,IMB300,2학기,산업경영학부,1,3,"월05A~06A,화05A~06A",50,3
협상론,IMB340,2학기,산업경영학부,1,3,"화05A~06A,목06B~07B",50,3
최신실험계획법,IMB490,2학기,산업경영학부,1,4,"월08A~09B,목08A~09B",50,0
핀테크경영,IMC420,2학기,산업경영학부,1,3,"화03A~04A,수03A~04A",50,3
빅데이터와소셜네트워크 분석(PBL),IMC531,2학기,산업경영학부,1,4,"월08A~09B,목03A~04B",50,3
블록체인과가상화폐,IMC560,2학기,산업경영학부,1,3,"월01B~02B,수01B~02B",50,3
글로벌환경과기술관리,IMD950,2학기,산업경영학부,1,1,화06A~07B,50,3
문제해결과프로그래밍,BSM631,2학기,산업경영학부,26,3,"화08A~09B,목08A~09B",50,1
문제해결과프로그래밍,BSM631,2학기,산업경영학부,27,3,"화06A~07B,목06A~07B",50,1
문제해결과프로그래밍,BSM631,2학기,산업경영학부,34,3,"수06A~07B,목01A~02B",50,1
문제해결과프로그래밍,BSM631,2학기,산업경영학부,35,3,"수06A~07B,목03A~04B",50,1
경영수학,BSM981,2학기,산업경영학부,1,3,"화06B~07B,목06B~07B",50,1
경영수학,BSM981,2학기,산업경영학부,2,3,"화06B~07B,목06B~07B",50,1
경영수학,BSM981,2학기,산업경영학부,3,3,"수03A~04A,목03A~04A",50,1
경영데이터베이스및실습,BSM992,2학기,산업경영학부,1,3,"화03A~04B,목01A~02B",50,0
공학설계(캡스톤디자인),MSA805,2학기,에너지신소재화학공학부,1,1,금08A~08B,50,3
졸업설계Ⅱ(캡스톤디자인),MSA817,2학기,에너지신소재화학공학부,1,2,금09A~10B,50,4
스마트소재,CHA243,2학기,에너지신소재화학공학부,1,3,"화05A~05B,07A~08B",50,4
전기화학,CHA630,2학기,에너지신소재화학공학부,1,3,"월09A~09B,목06A~07B",50,3
재료화학,CHA950,2학기,에너지신소재화학공학부,1,3,화06A~08B,50,2
화학분석설계,CHA161,2학기,에너지신소재화학공학부,1,3,"수06A~07B,금02A~04B",50,2
창의적공학설계(AD),CHA294,2학기,에너지신소재화학공학부,1,2,"목03A~03B,금06A~07B",50,1
창의적공학설계(AD),CHA294,2학기,에너지신소재화학공학부,2,2,"목03A~03B,금08A~09B",50,1
화학공정설계및실습,CHA411,2학기,에너지신소재화학공학부,1,3,"화05A~07B,목01A~02B",50,3
화학공정설계및실습,CHA411,2학기,에너지신소재화학공학부,2,3,"목01A~01B,03A~03B,금05A~07B",50,3
유체공학및실습,CHA421,2학기,에너지신소재화학공학부,1,3,"월08A~09B,목07A~08B",50,2
무기화학1,CHA691,2학기,에너지신소재화학공학부,1,3,"월03A~04B,목03A~03B",50,2
공학설계Ⅰ(캡스톤디자인) ,CHA803,2학기,에너지신소재화학공학부,1,1,화10A~10B,50,3
공학설계Ⅱ(캡스톤디자인),CHA813,2학기,에너지신소재화학공학부,1,1,수10A~10B,50,3
졸업설계Ⅰ(캡스톤디자인) ,CHA831,2학기,에너지신소재화학공학부,1,2,금10A~11B,50,4
졸업설계Ⅱ(캡스톤디자인) ,CHA832,2학기,에너지신소재화학공학부,1,2,수11A~12B,50,4
창의적공학설계(AD),MSA211,2학기,에너지신소재화학공학부,1,2,"월08A~09B,화02A~02B",50,1
창의적공학설계(AD),MSA211,2학기,에너지신소재화학공학부,2,2,"월08A~09B,화02A~02B",50,1
재료공학실습2,MSA305,2학기,에너지신소재화학공학부,1,3,"월01A~02B,화03A~04B",50,2
재료공학실습2,MSA305,2학기,에너지신소재화학공학부,2,3,"월01A~02B,화03A~04B",50,2
재료물리학,MSA980,2학기,에너지신소재화학공학부,1,3,"수03A~04B,목03A~03B",50,2
산업안전,CCT600,2학기,에너지신소재화학공학부,1,1,월01A~01B,50,1
산업안전,CCT600,2학기,에너지신소재화학공학부,2,1,화08A~08B,50,1
유기화학및실습Ⅱ,CHA151,2학기,에너지신소재화학공학부,1,3,"수01A~02B,목05A~06B",50,2
유기화학및실습Ⅱ,CHA151,2학기,에너지신소재화학공학부,2,3,"목01A~02B,05A~06B",50,2
물리화학및실습Ⅱ,CHA461,2학기,에너지신소재화학공학부,1,3,"월01A~02B,화03A~04B",50,2
분리·공정제어,CHA476,2학기,에너지신소재화학공학부,1,3,"화08A~09B,목05A~05B",50,3
에너지소재분석및실습,CHA601,2학기,에너지신소재화학공학부,1,3,"월06A~07B,화06A~07B",50,3
에너지소재분석및실습,CHA601,2학기,에너지신소재화학공학부,2,3,"월06A~07B,금06A~07B",50,3
고분자공학및실습Ⅱ,CHA611,2학기,에너지신소재화학공학부,1,3,"화01A~02B,수03A~04B",50,3
고분자공학및실습Ⅱ,CHA611,2학기,에너지신소재화학공학부,2,3,"화03A~04B,수03A~04B",50,3
콜로이드화학,CHA641,2학기,에너지신소재화학공학부,1,3,"월03A~04B,수02A~02B",50,4
에너지열역학,CHA702,2학기,에너지신소재화학공학부,1,3,"월08A~08B,수06A~07B",50,3
에너지공학,ENE211,2학기,에너지신소재화학공학부,1,3,"수06A~07B,목07A~07B",50,2
결정구조학,ENE310,2학기,에너지신소재화학공학부,1,3,"화08A~09B,수03A~03B",50,3
에너지소자기초및실습,ENE331,2학기,에너지신소재화학공학부,1,3,"화01A~02B,목03A~04B",50,3
재료열역학,MSA240,2학기,에너지신소재화학공학부,1,3,"화08A~08B,목05A~06B",50,2
재료강도학,MSA281,2학기,에너지신소재화학공학부,1,3,월01A~03B,50,3
열물질이동,MSA291,2학기,에너지신소재화학공학부,1,3,금02A~04B,50,2
재료과학Ⅱ,MSA311,2학기,에너지신소재화학공학부,1,3,"월08A~09B,화09A~09B",50,2
전자기재료학1,MSA382,2학기,에너지신소재화학공학부,1,3,"수06A~07B,금05A~05B",50,3
소재계측시험및실습,MSA540,2학기,에너지신소재화학공학부,1,3,"월06A~07B,수01A~02B",50,2
용접접합공학,MSA605,2학기,에너지신소재화학공학부,1,3,금01A~03B,50,3
분체가공및실습,MSA622,2학기,에너지신소재화학공학부,1,3,"수01A~02B,목01A~02B",50,3
표면공학및실습,MSA631,2학기,에너지신소재화학공학부,1,3,"월06A~07B,화06A~07B",50,3
상변태학,MSA683,2학기,에너지신소재화학공학부,1,3,화01A~03B,50,4
공학설계와특허,MSA815,2학기,에너지신소재화학공학부,1,2,금01A~02B,50,4
재료전산모사및실습,MSA920,2학기,에너지신소재화학공학부,1,3,"화08A~09B,목08A~09B",50,4
문제해결과프로그래밍,BSM631,2학기,에너지신소재화학공학부,18,3,"수01A~02B,목05A~06B",50,1
문제해결과프로그래밍,BSM631,2학기,에너지신소재화학공학부,19,3,"수01A~02B,목05A~06B",50,1
문제해결과프로그래밍,BSM631,2학기,에너지신소재화학공학부,20,3,"수01A~02B,목07A~08B",50,1
문제해결과프로그래밍,BSM631,2학기,에너지신소재화학공학부,21,3,"수01A~02B,목07A~08B",50,1
화학적사고1,BSM714,2학기,에너지신소재화학공학부,1,3,금01A~03B,50,0
화학적사고2,BSM727,2학기,에너지신소재화학공학부,1,3,"월02A~02B,수06A~07B",50,1
화학적사고2,BSM727,2학기,에너지신소재화학공학부,2,3,"목02A~02B,금03A~04B",50,1
화학실험2,BSM728,2학기,에너지신소재화학공학부,1,1,금05A~06B,50,1
화학실험2,BSM728,2학기,에너지신소재화학공학부,2,1,월06A~07B,50,1
일반생물학,BSM781,2학기,에너지신소재화학공학부,3,3,"화09A~09B,수06A~07B",50,1
기계학습활용,CVG110,2학기,융합학과,1,2,금01A~02B,50,0
스마트팩토리개론(AD),CVG121,2학기,융합학과,1,2,금03A~04B,50,0
컴퓨터비젼활용(PBL),CVG131,2학기,융합학과,1,2,금03A~04B,50,0
CPS개론(PBL),CVG151,2학기,융합학과,1,2,금06A~07B,50,0
AR/VR프로그래밍,CVG300,2학기,융합학과,1,2,금06A~07B,50,0
가상현실콘트롤러프로그래밍,CVG360,2학기,융합학과,1,2,금08A~09B,50,0
클라우드컴퓨팅과AI서비스,CVG420,2학기,융합학과,1,2,금06A~07B,50,0
데이터시각화응용,CVG440,2학기,융합학과,1,2,금08A~09B,50,0
XR응용시스템,CVG450,2학기,융합학과,1,2,금01A~02B,50,0
공학설계Ⅱ(캡스톤디자인),IFC443,2학기,전기ㆍ전자ㆍ통신공학부,1,1,화11A~11B,50,3
공학설계(캡스톤디자인),IFC444,2학기,전기ㆍ전자ㆍ통신공학부,1,1,금11A~11B,50,3
창의적공학설계(AD),IFE157,2학기,전기ㆍ전자ㆍ통신공학부,1,2,"화08A~08B,수06A~07B",50,1
창의적공학설계(AD),IFE157,2학기,전기ㆍ전자ㆍ통신공학부,2,2,"월03A~03B,화01A~02B",50,1
창의적공학설계(AD),IFE157,2학기,전기ㆍ전자ㆍ통신공학부,3,2,"월04A~04B,금03A~04B",50,1
창의적공학설계(AD),IFE157,2학기,전기ㆍ전자ㆍ통신공학부,4,2,"월04A~04B,수06A~07B",50,1
안테나이론,IFE520,2학기,전기ㆍ전자ㆍ통신공학부,1,3,월07A~09B,50,4
반도체공학및실습,IFE550,2학기,전기ㆍ전자ㆍ통신공학부,1,3,"화02A~03B,목08A~09B",50,3
반도체공학및실습,IFE550,2학기,전기ㆍ전자ㆍ통신공학부,2,3,"화08A~09B,목02A~03B",50,3
기초전기전자실습,IFA100,2학기,전기ㆍ전자ㆍ통신공학부,1,4,"금03A~04B,06A~09B",50,1
기초전기전자실습,IFA100,2학기,전기ㆍ전자ㆍ통신공학부,2,4,"월01A~02B,04A~07B",50,1
전자회로,IFA151,2학기,전기ㆍ전자ㆍ통신공학부,1,3,화06A~08B,50,2
전기공학실습Ⅱ,IFA253,2학기,전기ㆍ전자ㆍ통신공학부,1,3,목06A~09B,50,2
전기공학실습Ⅱ,IFA253,2학기,전기ㆍ전자ㆍ통신공학부,2,3,목06A~09B,50,2
교류회로이론,IFA260,2학기,전기ㆍ전자ㆍ통신공학부,1,3,수05A~07B,50,2
전력공학,IFA320,2학기,전기ㆍ전자ㆍ통신공학부,1,3,"월01A~02B,06A~06B",50,3
공학설계Ⅰ(캡스톤디자인),IFA462,2학기,전기ㆍ전자ㆍ통신공학부,1,1,월11A~11B,50,3
공학설계Ⅱ(캡스톤디자인),IFA472,2학기,전기ㆍ전자ㆍ통신공학부,1,1,월12A~12B,50,3
공학설계(캡스톤디자인),IFA475,2학기,전기ㆍ전자ㆍ통신공학부,1,1,월10A~10B,50,3
졸업설계Ⅰ(캡스톤디자인),IFA482,2학기,전기ㆍ전자ㆍ통신공학부,1,2,목10A~11B,50,4
졸업설계Ⅱ(캡스톤디자인),IFA492,2학기,전기ㆍ전자ㆍ통신공학부,1,2,금10A~11B,50,4
전기회로실습,IFB110,2학기,전기ㆍ전자ㆍ통신공학부,1,2,금06A~09B,50,1
전기회로실습,IFB110,2학기,전기ㆍ전자ㆍ통신공학부,2,2,금06A~09B,50,1
전자회로,IFB150,2학기,전기ㆍ전자ㆍ통신공학부,1,3,"월03A~03B,화08A~09B",50,2
전자회로,IFB150,2학기,전기ㆍ전자ㆍ통신공학부,2,3,"월06A~06B,화03A~04B",50,2
디지털시스템설계및실습,IFB172,2학기,전기ㆍ전자ㆍ통신공학부,1,3,"화03A~04B,목06A~07B",50,2
디지털시스템설계및실습,IFB172,2학기,전기ㆍ전자ㆍ통신공학부,2,3,"화08A~09B,목03A~04B",50,2
전자CAD실습,IFB233,2학기,전기ㆍ전자ㆍ통신공학부,1,2,월06A~09B,50,2
전자CAD실습,IFB233,2학기,전기ㆍ전자ㆍ통신공학부,2,2,수01A~04B,50,2
공학설계Ⅰ(캡스톤디자인),IFB372,2학기,전기ㆍ전자ㆍ통신공학부,1,1,월10A~10B,50,3
공학설계Ⅱ(캡스톤디자인),IFB382,2학기,전기ㆍ전자ㆍ통신공학부,1,1,화10A~10B,50,3
공학설계(캡스톤디자인),IFB385,2학기,전기ㆍ전자ㆍ통신공학부,1,1,수10A~10B,50,3
졸업설계Ⅰ(캡스톤디자인),IFB392,2학기,전기ㆍ전자ㆍ통신공학부,1,2,금10A~11B,50,4
졸업설계Ⅱ(캡스톤디자인),IFB402,2학기,전기ㆍ전자ㆍ통신공학부,1,2,목10A~11B,50,4
마이크로프로세서및실습Ⅰ,IFB411,2학기,전기ㆍ전자ㆍ통신공학부,1,3,수01A~04B,50,2
마이크로프로세서및실습Ⅰ,IFB411,2학기,전기ㆍ전자ㆍ통신공학부,2,3,목06A~09B,50,2
마이크로프로세서및실습Ⅰ,IFB411,2학기,전기ㆍ전자ㆍ통신공학부,3,3,금01A~04B,50,2
자료구조및알고리즘,IFC152,2학기,전기ㆍ전자ㆍ통신공학부,1,3,"수06A~07B,목03A~04B",50,2
전자회로및실습,IFC163,2학기,전기ㆍ전자ㆍ통신공학부,1,4,"목06A~08B,금05A~07B",50,2
전자회로및실습,IFC163,2학기,전기ㆍ전자ㆍ통신공학부,2,4,"목06A~08B,금01A~03B",50,2
마이크로프로세서및실습,IFC181,2학기,전기ㆍ전자ㆍ통신공학부,1,3,"목01A~02B,금02A~03B",50,2
마이크로프로세서및실습,IFC181,2학기,전기ㆍ전자ㆍ통신공학부,2,3,"목01A~02B,금05A~06B",50,2
통신공학,IFC200,2학기,전기ㆍ전자ㆍ통신공학부,1,3,월06A~08B,50,2
운영체제,IFC212,2학기,전기ㆍ전자ㆍ통신공학부,1,3,"화01A~02B,06A~07B",50,2
데이터통신및실습,IFC241,2학기,전기ㆍ전자ㆍ통신공학부,1,3,"월06A~07B,목08A~09B",50,1
공학설계Ⅰ(캡스톤디자인),IFC432,2학기,전기ㆍ전자ㆍ통신공학부,1,1,월11A~11B,50,3
졸업설계Ⅰ(캡스톤디자인),IFC452,2학기,전기ㆍ전자ㆍ통신공학부,1,2,수11A~12B,50,4
졸업설계Ⅱ(캡스톤디자인),IFC462,2학기,전기ㆍ전자ㆍ통신공학부,1,2,목11A~12B,50,4
전기자기학II,IFA155,2학기,전기ㆍ전자ㆍ통신공학부,1,3,목01A~03B,50,2
임베디드 응용 및 실습,IFA193,2학기,전기ㆍ전자ㆍ통신공학부,1,3,목01A~04B,50,3
전기회로시뮬레이션,IFA272,2학기,전기ㆍ전자ㆍ통신공학부,1,2,월01A~03B,50,2
전기전자재료,IFA280,2학기,전기ㆍ전자ㆍ통신공학부,1,3,목06A~08B,50,3
제어시스템설계,IFA291,2학기,전기ㆍ전자ㆍ통신공학부,1,3,화01A~03B,50,3
자동화공학및실습,IFA353,2학기,전기ㆍ전자ㆍ통신공학부,1,3,"월02A~03B,05A~06B",50,4
전동기구동및실습,IFA361,2학기,전기ㆍ전자ㆍ통신공학부,1,3,"수03A~04B,06A~07B",50,3
전기기기2및실습,IFA452,2학기,전기ㆍ전자ㆍ통신공학부,1,3,"월08A~09B,화06A~07B",50,3
전기기기2및실습,IFA452,2학기,전기ㆍ전자ㆍ통신공학부,2,3,"월08A~09B,화08A~09B",50,3
전기신호처리,IFA620,2학기,전기ㆍ전자ㆍ통신공학부,1,3,"수03A~04B,06A~07B",50,4
전기설비설계전용프로그램실습,IFA730,2학기,전기ㆍ전자ㆍ통신공학부,1,2,화01A~03B,50,4
Research Experience ,IFA740,2학기,전기ㆍ전자ㆍ통신공학부,1,3,목01A~03B,50,4
제어공학,IFB190,2학기,전기ㆍ전자ㆍ통신공학부,1,3,"화05A~05B,수06A~07B",50,3
디지털통신및IoT,IFB251,2학기,전기ㆍ전자ㆍ통신공학부,1,3,"화03A~04B,목02A~02B",50,4
전자회로실습,IFB282,2학기,전기ㆍ전자ㆍ통신공학부,1,2,수01A~03B,50,3
디지털신호처리및실습(PBL),IFB294,2학기,전기ㆍ전자ㆍ통신공학부,1,4,"월01A~02B,목01A~02B",50,3
디지털신호처리및실습(PBL),IFB294,2학기,전기ㆍ전자ㆍ통신공학부,2,4,"월03A~04B,목08A~09B",50,3
광전자공학,IFB440,2학기,전기ㆍ전자ㆍ통신공학부,1,3,금01A~03B,50,3
데이터구조및알고리즘,IFB470,2학기,전기ㆍ전자ㆍ통신공학부,1,3,"월08A~09B,목06A~07B",50,3
머신러닝,IFB480,2학기,전기ㆍ전자ㆍ통신공학부,1,3,"화06A~07B,목03A~03B",50,4
네트워크보안및실습,IFC282,2학기,전기ㆍ전자ㆍ통신공학부,1,3,"목03A~04B,06A~07B",50,4
네트워크프로그래밍및실습,IFC312,2학기,전기ㆍ전자ㆍ통신공학부,1,3,목01A~04B,50,3
네트워크프로그래밍및실습,IFC312,2학기,전기ㆍ전자ㆍ통신공학부,2,3,"목01A~02B,06A~07B",50,3
임베디드응용및실습(PBL),IFC414,2학기,전기ㆍ전자ㆍ통신공학부,1,4,"수03A~04B,06A~07B",50,3
모바일프로그래밍,IFC500,2학기,전기ㆍ전자ㆍ통신공학부,1,3,화06A~09B,50,3
머신러닝,IFC550,2학기,전기ㆍ전자ㆍ통신공학부,1,3,화01A~04B,50,4
공업확률통계및실습,BSM462,2학기,전기ㆍ전자ㆍ통신공학부,1,3,"월03A~04B,수03A~04B",50,2
수치해석및실습,BSM510,2학기,전기ㆍ전자ㆍ통신공학부,1,3,금01A~04B,50,2
문제해결과프로그래밍,BSM631,2학기,전기ㆍ전자ㆍ통신공학부,3,3,"수03A~04B,목01A~02B",50,1
문제해결과프로그래밍,BSM631,2학기,전기ㆍ전자ㆍ통신공학부,4,3,"수03A~04B,목01A~02B",50,1
문제해결과프로그래밍,BSM631,2학기,전기ㆍ전자ㆍ통신공학부,5,3,"월06A~07B,수06A~07B",50,1
문제해결과프로그래밍,BSM631,2학기,전기ㆍ전자ㆍ통신공학부,6,3,"월06A~07B,수06A~07B",50,1
문제해결과프로그래밍,BSM631,2학기,전기ㆍ전자ㆍ통신공학부,7,3,"화01A~02B,08A~09B",50,1
문제해결과프로그래밍,BSM631,2학기,전기ㆍ전자ㆍ통신공학부,8,3,수01A~04B,50,1
문제해결과프로그래밍,BSM631,2학기,전기ㆍ전자ㆍ통신공학부,9,3,수01A~04B,50,1
창의적공학설계(AD),CSE110,2학기,컴퓨터공학부,1,3,"화08A~09B,수01A~02B",50,1
창의적공학설계(AD),CSE110,2학기,컴퓨터공학부,2,3,"화01A~02B,수03A~04B",50,1
창의적공학설계(AD),CSE110,2학기,컴퓨터공학부,3,3,"화08A~09B,수01A~02B",50,1
창의적공학설계(AD),CSE110,2학기,컴퓨터공학부,4,3,"화01A~02B,금01A~02B",50,1
기초전기전자및실습,CSE111,2학기,컴퓨터공학부,1,3,"화01A~02B,목06A~07B",50,1
기초전기전자및실습,CSE111,2학기,컴퓨터공학부,2,3,"화08A~09B,목08A~09B",50,1
기초전기전자및실습,CSE111,2학기,컴퓨터공학부,3,3,"화01A~02B,목08A~09B",50,1
기초전기전자및실습,CSE111,2학기,컴퓨터공학부,4,3,"화08A~09B,목06A~07B",50,1
C프로그래밍Ⅱ,CSE113,2학기,컴퓨터공학부,1,3,"화01A~02B,금03A~04B",50,0
자료구조및실습,CSE123,2학기,컴퓨터공학부,1,3,"화06A~07B,수06A~07B",50,2
자료구조및실습,CSE123,2학기,컴퓨터공학부,2,3,"월06A~07B,목08A~09B",50,2
자료구조및실습,CSE123,2학기,컴퓨터공학부,3,3,"월06A~07B,목08A~09B",50,2
자료구조및실습,CSE123,2학기,컴퓨터공학부,4,3,"월01A~02B,수06A~07B",50,2
마이크로프로세서및실습,CSE124,2학기,컴퓨터공학부,1,3,"월06A~07B,목08A~09B",50,2
마이크로프로세서및실습,CSE124,2학기,컴퓨터공학부,2,3,"화06A~07B,수06A~07B",50,2
마이크로프로세서및실습,CSE124,2학기,컴퓨터공학부,3,3,"화06A~07B,수06A~07B",50,2
마이크로프로세서및실습,CSE124,2학기,컴퓨터공학부,4,3,"화08A~09B,목03A~04B",50,2
컴퓨터네트워크,CSE133,2학기,컴퓨터공학부,1,3,"월06A~07B,수01A~01B",50,3
컴퓨터네트워크,CSE133,2학기,컴퓨터공학부,2,3,"월08A~09B,수02A~02B",50,3
컴퓨터네트워크,CSE133,2학기,컴퓨터공학부,3,3,"월06A~07B,수01A~01B",50,3
컴퓨터네트워크,CSE133,2학기,컴퓨터공학부,4,3,"월08A~09B,수02A~02B",50,3
졸업설계Ⅰ(캡스톤디자인) ,CSE140,2학기,컴퓨터공학부,1,2,수08A~09B,50,4
졸업설계Ⅱ(캡스톤디자인) ,CSE141,2학기,컴퓨터공학부,1,2,수10A~11B,50,4
자바프로그래밍,CSE220,2학기,컴퓨터공학부,1,3,"화08A~09B,목03A~04B",50,2
자바프로그래밍,CSE220,2학기,컴퓨터공학부,2,3,"월06A~07B,목08A~09B",50,2
자바프로그래밍,CSE220,2학기,컴퓨터공학부,3,3,"화08A~09B,목03A~04B",50,2
자바프로그래밍,CSE220,2학기,컴퓨터공학부,4,3,"화08A~09B,목03A~04B",50,2
스크립트프로그래밍,CSE221,2학기,컴퓨터공학부,1,3,"화03A~04B,금01A~02B",50,2
스크립트프로그래밍,CSE221,2학기,컴퓨터공학부,2,3,"화01A~02B,금03A~04B",50,2
시스템프로그래밍(캡스톤디자인),CSE232,2학기,컴퓨터공학부,1,3,"화01A~02B,금03A~04B",50,3
컴파일러및실습,CSE233,2학기,컴퓨터공학부,1,3,"월01A~02B,목08A~09B",50,3
디지털신호처리및실습,CSE234,2학기,컴퓨터공학부,1,3,"화08A~09B,금01A~02B",50,3
데이터베이스시스템,CSE235,2학기,컴퓨터공학부,1,3,"화03A~04B,목06A~07B",50,3
데이터베이스시스템,CSE235,2학기,컴퓨터공학부,2,3,"화01A~02B,금03A~04B",50,3
공학설계와특허,CSE243,2학기,컴퓨터공학부,1,2,목10A~11B,50,4
IoT기초설계및실습,CSE320,2학기,컴퓨터공학부,1,3,"수01A~02B,목01A~02B",50,2
IoT플랫폼및실습,CSE332,2학기,컴퓨터공학부,1,3,"월03A~04B,목03A~04B",50,3
실시간시스템및실습,CSE342,2학기,컴퓨터공학부,1,3,"화06A~07B,수06A~07B",50,4
소프트웨어공학,CSE420,2학기,컴퓨터공학부,1,3,"월08A~09B,목06A~06B",50,2
소프트웨어공학,CSE420,2학기,컴퓨터공학부,2,3,"월02A~02B,목01A~02B",50,2
컴퓨터그래픽스및실습,CSE432,2학기,컴퓨터공학부,1,3,"수03A~04B,목01A~02B",50,3
모바일프로그래밍(캡스톤디자인),CSE433,2학기,컴퓨터공학부,1,3,"월08A~09B,목06A~07B",50,3
모바일프로그래밍(캡스톤디자인),CSE433,2학기,컴퓨터공학부,2,3,"월03A~04B,목03A~04B",50,3
객체지향개발론및실습,CSE434,2학기,컴퓨터공학부,1,3,"화06A~07B,수06A~07B",50,3
컴퓨터보안,CSE443,2학기,컴퓨터공학부,1,3,목01A~03B,50,4
증강현실및실습,CSE444,2학기,컴퓨터공학부,1,3,"월03A~04B,화08A~09B",50,4
고급웹프로그래밍(창업),CSE445,2학기,컴퓨터공학부,1,3,"월01A~02B,화01A~02B",50,4
윈도우즈프로그래밍,CSE520,2학기,컴퓨터공학부,1,3,"수01A~02B,목01A~02B",50,2
윈도우즈프로그래밍,CSE520,2학기,컴퓨터공학부,2,3,"월08A~09B,목06A~07B",50,2
인공지능응용및실습,CSE544,2학기,컴퓨터공학부,1,3,"월08A~09B,목06A~07B",50,4
공학설계(캡스톤디자인),CSE136,2학기,컴퓨터공학부,1,1,수12A~12B,50,3
IoT개론및실습,CSE321,2학기,컴퓨터공학부,1,3,"월08A~09B,목06A~07B",50,2
지능형인터페이스및실습,CSE330,2학기,컴퓨터공학부,1,3,"수03A~04B,목01A~02B",50,3
디지털시스템설계및실습,CSE331,2학기,컴퓨터공학부,1,3,"화06A~07B,수06A~07B",50,3
지능형IoT응용,CSE344,2학기,컴퓨터공학부,1,3,"화03A~04B,수01A~02B",50,4
기계학습및실습,CSE531,2학기,컴퓨터공학부,1,3,"화03A~04B,목06A~07B",50,3
지능형영상처리및실습,CSE543,2학기,컴퓨터공학부,1,3,"월06A~07B,수03A~04B",50,4
문제해결과프로그래밍,BSM631,2학기,컴퓨터공학부,28,3,"수06A~07B,목08A~09B",50,1
문제해결과프로그래밍,BSM631,2학기,컴퓨터공학부,29,3,"목06A~07B,금03A~04B",50,1
문제해결과프로그래밍,BSM631,2학기,컴퓨터공학부,30,3,"수06A~07B,목08A~09B",50,1
문제해결과프로그래밍,BSM631,2학기,컴퓨터공학부,31,3,"수03A~04B,목06A~07B",50,1
문제해결과프로그래밍,BSM631,2학기,컴퓨터공학부,32,3,"수06A~07B,금03A~04B",50,1
건설품질관리,ARE822,2학기,디자인ㆍ건축공학부,1,3,수01A~03B,50,4
전력공학,IFA320,2학기,전기ㆍ전자ㆍ통신공학부,2,3,금01A~03B,50,3
태권도,SHB173,2학기,교양학부,3,1,월05A~06B,50,0
스키,SHB183,2학기,교양학부,3,1,금01A~02B,50,0
